{
    "using_synthetic_data": 0,
    "LKM_data_folder": "..\\..\\LKM_DATA\\P9",
    "data_folder": "data_v4",
    "data_filenames": ["CR9_20161101_20161201.csv", "CR9_20161201_20170101.csv"],

    "_abnormal_time": "if list contains two timestamps -- begin and end of abnormal time; elif list contains one timestamp -- begin of abnormal time",
    "_abnormal_time": "P1: 20160619 06:22:00",
    "_abnormal_time": "P2: 20110724 20:40:00 ~ 20110724 22:55:00",
    "_abnormal_time": "P9: 20161201 11:12:00",
    "abnormal_day": [20161201],

    "data_preparation":{
        "_comment": "word = <word_length> chars (<word_length> minutes)",
        "word_length": 10,
        "_comment": "move sliding window forward <char_step> chars per time",
        "char_step": 1,

        "_comment": "sentence = <sentence_length> words",
        "_comment": "sentence duration (min) = <word_length> + (<sentence_length> - 1) * <char_step>",
        "sentence_length": 20,
        "_comment": "move sliding window forward <word_step> words per time",
        "word_step": 20,

        "_comment": "split sentences into train/dev/test",
        "_comment": "specify EITHER by dates OR by ratio",
        "_dataset_split": {"train": 0.7, "dev": 0.2, "test":0.1},

        "_comment": "by dates: begin-end, include BOTH ends",
        "dataset_split": {"train": "20161115-20161124",
                            "dev": "20161125-20161127",
                            "test": "20161128-20161130",
                            "full_test": "20161128-20161217"},

        "dummy": "dummy last"
    },

    "seq2seq":{
        "num_train_steps": 1000,
        "steps_per_stats": 10,
        "num_layers": 2,
        "num_units": 64,
        "dropout": 0.2,
        "metrics": "bleu",

        "_comment": "set infer_batch_size=1, if want to display attention image for specified samples (re-train needed).",
        "_infer_batch_size": 1,

        "dummy": "dummy last"
    }

}


